Date,Time,TimeZone,Name,Type,Status,Currency,Gross,Fee,Net,From Email Address,To Email Address,Transaction ID,Reference Txn ID,Balance,Balance Impact,Category
14/04/2026,03:34:29,PDT,Merchant A,PreApproved Payment Bill User Payment,Completed,EUR,-3.14,0.00,-3.14,,,6476A13802935A54C,B-618D0E047F52466,,Debit,individual
14/04/2026,03:34:29,PDT,,General Card Deposit,Completed,EUR,3.14,0.00,3.14,,,8D3487C31DC3990AB,6476A13802935A54C,,Credit,
23/04/2026,19:26:34,PDT,Merchant B,PreApproved Payment Bill User Payment,Completed,EUR,-8.99,0.00,-8.99,,,CD8E68181D582F294,B-A6685EF87140EF7,,Debit,software
23/04/2026,19:26:34,PDT,,General Card Deposit,Completed,EUR,8.99,0.00,8.99,,,EA6721AF4AA631FE0,CD8E68181D582F294,,Credit,
30/04/2026,07:18:43,PDT,Merchant C,PreApproved Payment Bill User Payment,Completed,USD,-17.98,0.00,-17.98,,,1A634DB66263FC041,B-1126F5FEB52655C,,Debit,cloud
30/04/2026,07:18:43,PDT,,General Card Deposit,Completed,EUR,15.92,0.00,15.92,,,072BF1921EFB95834,1A634DB66263FC041,,Credit,
30/04/2026,07:18:43,PDT,,General Currency Conversion,Completed,EUR,-15.92,0.00,-15.92,,,34903FE341389D9FC,1A634DB66263FC041,,Debit,
30/04/2026,07:18:43,PDT,,General Currency Conversion,Completed,USD,17.98,0.00,17.98,,,4051E57488E5D3B32,1A634DB66263FC041,,Credit,
02/05/2026,10:33:50,PDT,Merchant D,Express Checkout Payment,Completed,EUR,-91.50,0.00,-91.50,,,131DB8BE675616844,,,Debit,media
02/05/2026,10:33:50,PDT,,General Card Deposit,Completed,EUR,91.50,0.00,91.50,,,05EB545CE1C67CEA5,131DB8BE675616844,,Credit,
04/05/2026,12:00:55,PDT,Merchant E,PreApproved Payment Bill User Payment,Completed,EUR,-8.49,0.00,-8.49,,,9ECD22175891BAE42,B-41C4924B2619413,,Debit,media
04/05/2026,12:00:55,PDT,,General Card Deposit,Completed,EUR,8.49,0.00,8.49,,,D0EA3A11892BE5806,9ECD22175891BAE42,,Credit,
05/05/2026,20:07:35,PDT,Merchant F,PreApproved Payment Bill User Payment,Completed,EUR,-7.99,0.00,-7.99,,,0D3063602CDB43035,B-2D06D099065D875,,Debit,cloud
05/05/2026,20:07:35,PDT,,General Card Deposit,Completed,EUR,7.99,0.00,7.99,,,22CAE58F562FFA206,0D3063602CDB43035,,Credit,
07/05/2026,00:48:54,PDT,Merchant G,PreApproved Payment Bill User Payment,Completed,USD,-24.79,0.00,-24.79,,,4503E07F5B5AB0930,B-8D9DD130CD17DA9,,Debit,cloud
07/05/2026,00:48:54,PDT,,General Card Deposit,Completed,EUR,22.13,0.00,22.13,,,256CFE0EACD6519B8,4503E07F5B5AB0930,,Credit,
07/05/2026,00:48:54,PDT,,General Currency Conversion,Completed,EUR,-22.13,0.00,-22.13,,,2A737E3C31E588CC3,4503E07F5B5AB0930,,Debit,
07/05/2026,00:48:54,PDT,,General Currency Conversion,Completed,USD,24.79,0.00,24.79,,,C110001570FEE46DA,4503E07F5B5AB0930,,Credit,
12/05/2026,10:49:26,PDT,Merchant H,PreApproved Payment Bill User Payment,Completed,EUR,-18.49,0.00,-18.49,,,8C8289BC5B7CDC3A1,B-B4DD4A7C4E8DBA6,,Debit,media
12/05/2026,10:49:26,PDT,,General Card Deposit,Completed,EUR,18.49,0.00,18.49,,,78866670DF8789556,8C8289BC5B7CDC3A1,,Credit,
14/05/2026,03:44:44,PDT,Merchant A,PreApproved Payment Bill User Payment,Completed,EUR,-3.14,0.00,-3.14,,,CF3963CB54A94C109,B-618D0E047F52466,,Debit,individual
14/05/2026,03:44:44,PDT,,General Card Deposit,Completed,EUR,3.14,0.00,3.14,,,86E138598EFF7DDC5,CF3963CB54A94C109,,Credit,
14/05/2026,15:45:07,PDT,Merchant I,Express Checkout Payment,Completed,USD,-45.78,0.00,-45.78,,,24E21697B6CABC149,,,Debit,retailer
14/05/2026,15:45:07,PDT,,General Card Deposit,Completed,EUR,40.71,0.00,40.71,,,B33E34E330ACF73CD,24E21697B6CABC149,,Credit,
14/05/2026,15:45:07,PDT,,General Currency Conversion,Completed,EUR,-40.71,0.00,-40.71,,,4EA54F3A946CD38A0,24E21697B6CABC149,,Debit,
14/05/2026,15:45:07,PDT,,General Currency Conversion,Completed,USD,45.78,0.00,45.78,,,EBA582EF8556FCAAF,24E21697B6CABC149,,Credit,
17/05/2026,06:56:16,PDT,Merchant J,General Authorization,Pending,EUR,-15.43,0.00,-15.43,,,34646CB4FD6DF5E2F,,,Memo,marketplace
17/05/2026,06:56:21,PDT,Merchant J,Express Checkout Payment,Completed,EUR,-3.93,0.00,-3.93,,,F864482B6F23CF595,34646CB4FD6DF5E2F,,Debit,marketplace
17/05/2026,06:56:21,PDT,,General Card Deposit,Completed,EUR,3.93,0.00,3.93,,,FC0D4EDE2010243B0,F864482B6F23CF595,,Credit,
17/05/2026,06:56:24,PDT,Merchant J,Express Checkout Payment,Completed,EUR,-11.50,0.00,-11.50,,,AD630DA8E7E0E0F15,34646CB4FD6DF5E2F,,Debit,marketplace
17/05/2026,06:56:24,PDT,,General Card Deposit,Completed,EUR,11.50,0.00,11.50,,,1678DD684A1468A76,AD630DA8E7E0E0F15,,Credit,
17/05/2026,06:56:24,PDT,Merchant J,General Authorization,Completed,EUR,-15.43,0.00,-15.43,,,34646CB4FD6DF5E2F,,,Memo,marketplace
17/05/2026,06:56:44,PDT,Merchant K,General Authorization,Pending,EUR,-10.46,0.00,-10.46,,,0E7C504EE90632571,,,Memo,marketplace
17/05/2026,06:56:49,PDT,Merchant K,Express Checkout Payment,Completed,EUR,-10.46,0.00,-10.46,,,59435AC449F55C473,0E7C504EE90632571,,Debit,marketplace
17/05/2026,06:56:49,PDT,,General Card Deposit,Completed,EUR,10.46,0.00,10.46,,,1D72F533101C44FF9,59435AC449F55C473,,Credit,
17/05/2026,06:56:49,PDT,Merchant K,General Authorization,Completed,EUR,-10.46,0.00,-10.46,,,0E7C504EE90632571,,,Memo,marketplace
17/05/2026,06:57:22,PDT,Merchant L,General Authorization,Pending,EUR,-22.47,0.00,-22.47,,,98CA395B07D2F2526,,,Memo,marketplace
17/05/2026,06:58:13,PDT,Merchant L,Express Checkout Payment,Completed,EUR,-9.92,0.00,-9.92,,,5F19435D9F67CA4A7,98CA395B07D2F2526,,Debit,marketplace
17/05/2026,06:58:13,PDT,,General Card Deposit,Completed,EUR,9.92,0.00,9.92,,,C49FF9E44503D3048,5F19435D9F67CA4A7,,Credit,
17/05/2026,06:58:15,PDT,Merchant L,Express Checkout Payment,Completed,EUR,-12.55,0.00,-12.55,,,4615BC9D7480C11A4,98CA395B07D2F2526,,Debit,marketplace
17/05/2026,06:58:15,PDT,,General Card Deposit,Completed,EUR,12.55,0.00,12.55,,,B32D071DC041FCA61,4615BC9D7480C11A4,,Credit,
17/05/2026,06:58:15,PDT,Merchant L,General Authorization,Completed,EUR,-22.47,0.00,-22.47,,,98CA395B07D2F2526,,,Memo,marketplace
17/05/2026,07:06:33,PDT,Merchant J,General Authorization,Pending,EUR,-8.93,0.00,-8.93,,,C507C87BA2C2AFB5C,,,Memo,marketplace
17/05/2026,07:06:37,PDT,Merchant J,Express Checkout Payment,Completed,EUR,-8.93,0.00,-8.93,,,4402E93CA1617A755,C507C87BA2C2AFB5C,,Debit,marketplace
17/05/2026,07:06:37,PDT,,General Card Deposit,Completed,EUR,8.93,0.00,8.93,,,92757966535F04799,4402E93CA1617A755,,Credit,
17/05/2026,07:06:37,PDT,Merchant J,General Authorization,Completed,EUR,-8.93,0.00,-8.93,,,C507C87BA2C2AFB5C,,,Memo,marketplace
23/05/2026,11:10:13,PDT,Merchant M,PreApproved Payment Bill User Payment,Completed,EUR,-4.99,0.00,-4.99,,,9C70912A73E4E6BE0,B-3E062B097F1D6DA,,Debit,digital service
23/05/2026,11:10:13,PDT,,General Card Deposit,Completed,EUR,4.99,0.00,4.99,,,5E492305297A96D6D,9C70912A73E4E6BE0,,Credit,
28/05/2026,09:33:01,PDT,Merchant N,Express Checkout Payment,Completed,USD,-2.13,0.00,-2.13,,,FA98DA09DCD4AD923,,,Debit,marketplace
28/05/2026,09:33:01,PDT,,General Card Deposit,Completed,EUR,1.90,0.00,1.90,,,764C2D5A507CD0369,FA98DA09DCD4AD923,,Credit,
28/05/2026,09:33:01,PDT,,General Currency Conversion,Completed,EUR,-1.90,0.00,-1.90,,,2C67BA57DA107DC9F,FA98DA09DCD4AD923,,Debit,
28/05/2026,09:33:01,PDT,,General Currency Conversion,Completed,USD,2.13,0.00,2.13,,,33A53D7517176D7BF,FA98DA09DCD4AD923,,Credit,
30/05/2026,07:09:07,PDT,Merchant C,PreApproved Payment Bill User Payment,Completed,USD,-17.98,0.00,-17.98,,,D07D7AB2B03F1FCA0,B-1126F5FEB52655C,,Debit,cloud
30/05/2026,07:09:07,PDT,,General Card Deposit,Completed,EUR,16.12,0.00,16.12,,,8757ADD7C344198D4,D07D7AB2B03F1FCA0,,Credit,
30/05/2026,07:09:07,PDT,,General Currency Conversion,Completed,EUR,-16.12,0.00,-16.12,,,16172BF5959BF8B44,D07D7AB2B03F1FCA0,,Debit,
30/05/2026,07:09:07,PDT,,General Currency Conversion,Completed,USD,17.98,0.00,17.98,,,CD3AB47D3DD7D06D5,D07D7AB2B03F1FCA0,,Credit,
03/06/2026,12:01:48,PDT,Merchant E,PreApproved Payment Bill User Payment,Completed,EUR,-8.49,0.00,-8.49,,,363A49F7FCDB59EBB,B-41C4924B2619413,,Debit,media
03/06/2026,12:01:48,PDT,,General Card Deposit,Completed,EUR,8.49,0.00,8.49,,,1BEE3F64CAFB0D61B,363A49F7FCDB59EBB,,Credit,
04/06/2026,20:05:37,PDT,Merchant F,PreApproved Payment Bill User Payment,Completed,EUR,-7.99,0.00,-7.99,,,8FB67D4F9BBFB4289,B-2D06D099065D875,,Debit,cloud
04/06/2026,20:05:37,PDT,,General Card Deposit,Completed,EUR,7.99,0.00,7.99,,,DCAF1A460A8228A44,8FB67D4F9BBFB4289,,Credit,
10/06/2026,11:53:13,PDT,Merchant B,PreApproved Payment Bill User Payment,Completed,EUR,-13.99,0.00,-13.99,,,4319C927B88D9CD71,B-A6685EF87140EF7,,Debit,software
10/06/2026,11:53:13,PDT,,General Card Deposit,Completed,EUR,13.99,0.00,13.99,,,CB3A6489977BA394F,4319C927B88D9CD71,,Credit,
11/06/2026,10:49:27,PDT,Merchant H,PreApproved Payment Bill User Payment,Completed,EUR,-18.49,0.00,-18.49,,,E9A1286D9053E2479,B-B4DD4A7C4E8DBA6,,Debit,media
11/06/2026,10:49:27,PDT,,General Card Deposit,Completed,EUR,18.49,0.00,18.49,,,4BAE2A34D30C416E9,E9A1286D9053E2479,,Credit,
14/06/2026,03:48:07,PDT,Merchant A,PreApproved Payment Bill User Payment,Completed,EUR,-3.14,0.00,-3.14,,,7FC836889EC3850F3,B-618D0E047F52466,,Debit,individual
14/06/2026,03:48:07,PDT,,General Card Deposit,Completed,EUR,3.14,0.00,3.14,,,6868120DD3AC0A3AB,7FC836889EC3850F3,,Credit,
18/06/2026,11:52:27,PDT,Merchant M,PreApproved Payment Bill User Payment,Completed,EUR,-4.99,0.00,-4.99,,,E05AE656B0472C3A0,B-3E062B097F1D6DA,,Debit,digital service
18/06/2026,11:52:27,PDT,,General Card Deposit,Completed,EUR,4.99,0.00,4.99,,,08D2B92629F3FA16C,E05AE656B0472C3A0,,Credit,
30/06/2026,06:49:33,PDT,Merchant C,PreApproved Payment Bill User Payment,Completed,USD,-17.98,0.00,-17.98,,,19EED033D1F0934D0,B-1126F5FEB52655C,,Debit,cloud
30/06/2026,06:49:33,PDT,,General Card Deposit,Completed,EUR,16.18,0.00,16.18,,,86DBA8DBB0193BE66,19EED033D1F0934D0,,Credit,
30/06/2026,06:49:33,PDT,,General Currency Conversion,Completed,EUR,-16.18,0.00,-16.18,,,41C9CBB306CF8624D,19EED033D1F0934D0,,Debit,
30/06/2026,06:49:33,PDT,,General Currency Conversion,Completed,USD,17.98,0.00,17.98,,,E705692F2080F2214,19EED033D1F0934D0,,Credit,
02/07/2026,00:03:32,PDT,Merchant O,General Authorization,Pending,EUR,-68.46,0.00,-68.46,,,27A0BEDDD31DFC641,B-330703219C6EF31,,Memo,retailer
02/07/2026,08:44:30,PDT,Merchant O,PreApproved Payment Bill User Payment,Completed,EUR,-68.46,0.00,-68.46,,,47FD2153BCF4796FE,27A0BEDDD31DFC641,,Debit,retailer
02/07/2026,08:44:30,PDT,,General Card Deposit,Completed,EUR,68.46,0.00,68.46,,,922A3492EB023676E,47FD2153BCF4796FE,,Credit,
02/07/2026,08:44:30,PDT,Merchant O,General Authorization,Completed,EUR,-68.46,0.00,-68.46,,,27A0BEDDD31DFC641,B-330703219C6EF31,,Memo,retailer
04/07/2026,12:02:45,PDT,Merchant E,PreApproved Payment Bill User Payment,Completed,EUR,-8.49,0.00,-8.49,,,588C07442FF0296CE,B-41C4924B2619413,,Debit,media
04/07/2026,12:02:45,PDT,,General Card Deposit,Completed,EUR,8.49,0.00,8.49,,,64F9648FFC60633A0,588C07442FF0296CE,,Credit,
06/07/2026,17:12:43,PDT,Merchant F,PreApproved Payment Bill User Payment,Completed,EUR,-7.99,0.00,-7.99,,,04A007D264ADDD42F,B-2D06D099065D875,,Debit,cloud
06/07/2026,17:12:43,PDT,,General Card Deposit,Completed,EUR,7.99,0.00,7.99,,,A048541FE3926A3A6,04A007D264ADDD42F,,Credit,
11/07/2026,13:13:43,PDT,Merchant P,PreApproved Payment Bill User Payment,Completed,EUR,-28.72,0.00,-28.72,,,9D63C44F527005B43,B-85A4BF549589D06,,Debit,software
11/07/2026,13:13:43,PDT,,General Card Deposit,Completed,EUR,28.72,0.00,28.72,,,2F00D88BF45E0F068,9D63C44F527005B43,,Credit,
12/07/2026,01:24:51,PDT,Merchant Q,Express Checkout Payment,Completed,USD,-62.95,0.00,-62.95,,,3812492AF678BCBFA,,,Debit,retailer
12/07/2026,01:24:51,PDT,,General Card Deposit,Completed,EUR,57.76,0.00,57.76,,,9135BA6BACB6A9520,3812492AF678BCBFA,,Credit,
12/07/2026,01:24:51,PDT,,General Currency Conversion,Completed,EUR,-57.76,0.00,-57.76,,,C35E09418BA000290,3812492AF678BCBFA,,Debit,
12/07/2026,01:24:51,PDT,,General Currency Conversion,Completed,USD,62.95,0.00,62.95,,,74F845294C4528D6D,3812492AF678BCBFA,,Credit,
12/07/2026,10:49:27,PDT,Merchant H,PreApproved Payment Bill User Payment,Completed,EUR,-18.49,0.00,-18.49,,,31AFF30F4843ED87A,B-B4DD4A7C4E8DBA6,,Debit,media
12/07/2026,10:49:27,PDT,,General Card Deposit,Completed,EUR,18.49,0.00,18.49,,,CF91DC06E492DF2CB,31AFF30F4843ED87A,,Credit,
14/07/2026,04:15:26,PDT,Merchant A,PreApproved Payment Bill User Payment,Completed,EUR,-3.14,0.00,-3.14,,,272BCA0958D04AE9B,B-618D0E047F52466,,Debit,individual
14/07/2026,04:15:26,PDT,,General Card Deposit,Completed,EUR,3.14,0.00,3.14,,,3D099016136F93276,272BCA0958D04AE9B,,Credit,
17/07/2026,21:47:34,PDT,Merchant R,PreApproved Payment Bill User Payment,Completed,DKK,-988.00,0.00,-988.00,,,BE280504D0F1F0ECF,B-3E062B097F1D6DA,,Debit,digital service
17/07/2026,21:47:34,PDT,,General Card Deposit,Completed,EUR,137.74,0.00,137.74,,,FACE6904B74460039,BE280504D0F1F0ECF,,Credit,
17/07/2026,21:47:34,PDT,,General Currency Conversion,Completed,EUR,-137.74,0.00,-137.74,,,43A837F2B7E2283B9,BE280504D0F1F0ECF,,Debit,
17/07/2026,21:47:34,PDT,,General Currency Conversion,Completed,DKK,988.00,0.00,988.00,,,8FB880BC248C2C207,BE280504D0F1F0ECF,,Credit,
18/07/2026,03:12:31,PDT,Merchant S,General Authorization,Pending,EUR,-2.50,0.00,-2.50,,,468496359A253EC3A,B-AD0646E1C9C605A,,Memo,travel provider
18/07/2026,03:24:54,PDT,Merchant S,PreApproved Payment Bill User Payment,Completed,EUR,-0.96,0.00,-0.96,,,E0BF3E6A7321D4232,468496359A253EC3A,,Debit,travel provider
18/07/2026,03:24:54,PDT,,General Card Deposit,Completed,EUR,0.96,0.00,0.96,,,DD9BE5EDF3164DFFD,E0BF3E6A7321D4232,,Credit,
24/07/2026,01:44:48,PDT,Merchant R,PreApproved Payment Bill User Payment,Completed,EUR,-99.99,0.00,-99.99,,,39D204CB309D6C0C0,B-3E062B097F1D6DA,,Debit,digital service
24/07/2026,01:44:48,PDT,,General Card Deposit,Completed,EUR,99.99,0.00,99.99,,,3C5366745DAB2A2F1,39D204CB309D6C0C0,,Credit,
30/07/2026,07:17:37,PDT,,General Card Deposit,Denied,EUR,16.39,0.00,16.39,,,CD39D0E99A4A53749,CEDCFBF65FAFBBE7C,,Memo,
30/07/2026,07:17:37,PDT,Merchant C,PreApproved Payment Bill User Payment,Completed,USD,-17.98,0.00,-17.98,,,24DD6C13E0B52244C,B-1126F5FEB52655C,,Debit,cloud
30/07/2026,07:17:37,PDT,,General Card Deposit,Completed,EUR,16.39,0.00,16.39,,,C449837D70AAA5ED9,24DD6C13E0B52244C,,Credit,
30/07/2026,07:17:37,PDT,,General Currency Conversion,Completed,EUR,-16.39,0.00,-16.39,,,0D041BE7E7E53A524,24DD6C13E0B52244C,,Debit,
30/07/2026,07:17:37,PDT,,General Currency Conversion,Completed,USD,17.98,0.00,17.98,,,14A70267CFC546C18,24DD6C13E0B52244C,,Credit,
03/08/2026,12:02:52,PDT,Merchant E,PreApproved Payment Bill User Payment,Completed,EUR,-8.49,0.00,-8.49,,,7E109DFDF42DE8297,B-41C4924B2619413,,Debit,media
03/08/2026,12:02:52,PDT,,General Card Deposit,Completed,EUR,8.49,0.00,8.49,,,CC50C34630A38EBCD,7E109DFDF42DE8297,,Credit,
05/08/2026,17:12:40,PDT,Merchant F,PreApproved Payment Bill User Payment,Completed,EUR,-7.99,0.00,-7.99,,,F3F3F9F2C012E177C,B-2D06D099065D875,,Debit,cloud
05/08/2026,17:12:40,PDT,,General Card Deposit,Completed,EUR,7.99,0.00,7.99,,,D408E23E49A4E8659,F3F3F9F2C012E177C,,Credit,
10/08/2026,12:07:48,PDT,Merchant H,PreApproved Payment Bill User Payment,Completed,EUR,-18.49,0.00,-18.49,,,14F10CDF356520252,B-B4DD4A7C4E8DBA6,,Debit,media
10/08/2026,12:07:48,PDT,,General Card Deposit,Completed,EUR,18.49,0.00,18.49,,,BA3C58FA24520C184,14F10CDF356520252,,Credit,
14/08/2026,03:50:16,PDT,Merchant A,PreApproved Payment Bill User Payment,Completed,EUR,-3.14,0.00,-3.14,,,5EB58AE906D9FD510,B-618D0E047F52466,,Debit,individual
14/08/2026,03:50:16,PDT,,General Card Deposit,Completed,EUR,3.14,0.00,3.14,,,A5E057C6A1045C873,5EB58AE906D9FD510,,Credit,
16/08/2026,03:13:16,PDT,Merchant S,Other,Completed,EUR,-1.54,0.00,-1.54,,,F921FFDA3112A762E,468496359A253EC3A,,Memo,travel provider
16/08/2026,03:13:16,PDT,Merchant S,Void of Authorization,Reversed,EUR,-2.50,0.00,-2.50,,,468496359A253EC3A,B-AD0646E1C9C605A,,Memo,travel provider
30/08/2026,07:13:02,PDT,Merchant C,PreApproved Payment Bill User Payment,Completed,USD,-17.98,0.00,-17.98,,,448D95A95981A5745,B-1126F5FEB52655C,,Debit,cloud
30/08/2026,07:13:02,PDT,,General Card Deposit,Completed,EUR,16.25,0.00,16.25,,,58D7668825530A684,448D95A95981A5745,,Credit,
30/08/2026,07:13:02,PDT,,General Currency Conversion,Completed,EUR,-16.25,0.00,-16.25,,,588AD5DB957C30AF2,448D95A95981A5745,,Debit,
30/08/2026,07:13:02,PDT,,General Currency Conversion,Completed,USD,17.98,0.00,17.98,,,0CC15E94EE01817F1,448D95A95981A5745,,Credit,
03/09/2026,12:01:44,PDT,Merchant E,PreApproved Payment Bill User Payment,Completed,EUR,-8.49,0.00,-8.49,,,8A2651C5888E5F54F,B-41C4924B2619413,,Debit,media
03/09/2026,12:01:44,PDT,,General Card Deposit,Completed,EUR,8.49,0.00,8.49,,,705C8E0EC4B1E069C,8A2651C5888E5F54F,,Credit,
05/09/2026,17:13:26,PDT,Merchant F,PreApproved Payment Bill User Payment,Completed,EUR,-7.99,0.00,-7.99,,,C532E8C01ABE1D84A,B-2D06D099065D875,,Debit,cloud
05/09/2026,17:13:26,PDT,,General Card Deposit,Completed,EUR,7.99,0.00,7.99,,,7B2F4B956E7F7C5D0,C532E8C01ABE1D84A,,Credit,
09/09/2026,05:09:16,PDT,Merchant T,PreApproved Payment Bill User Payment,Completed,EUR,-14.01,0.00,-14.01,,,3538B6E2CA57F64EF,B-94FF36ED4B78955,,Debit,cloud
09/09/2026,05:09:16,PDT,,General Card Deposit,Completed,EUR,14.01,0.00,14.01,,,AA0EA0660E42AB0CE,3538B6E2CA57F64EF,,Credit,
10/09/2026,12:07:49,PDT,Merchant H,PreApproved Payment Bill User Payment,Completed,EUR,-18.49,0.00,-18.49,,,2824D26DE902E50DB,B-B4DD4A7C4E8DBA6,,Debit,media
10/09/2026,12:07:49,PDT,,General Card Deposit,Completed,EUR,18.49,0.00,18.49,,,4932C345DE632904C,2824D26DE902E50DB,,Credit,
13/09/2026,12:19:07,PDT,Merchant U,Express Checkout Payment,Completed,EUR,-84.70,0.00,-84.70,,,6E43CAE83B96F921E,,,Debit,media
13/09/2026,12:19:07,PDT,,General Card Deposit,Completed,EUR,84.70,0.00,84.70,,,45493F620468AAED2,6E43CAE83B96F921E,,Credit,
13/09/2026,18:43:33,PDT,Merchant V,General Authorization,Pending,SEK,-345.13,0.00,-345.13,,,A3C481B765C0B1A96,B-9CD1BCF2936032F,,Memo,cloud
13/09/2026,18:48:43,PDT,Merchant V,PreApproved Payment Bill User Payment,Completed,SEK,-345.13,0.00,-345.13,,,D4037B1C03EF4D761,A3C481B765C0B1A96,,Debit,cloud
13/09/2026,18:48:43,PDT,,General Card Deposit,Completed,EUR,32.39,0.00,32.39,,,00DEC5B9BAB299F99,D4037B1C03EF4D761,,Credit,
13/09/2026,18:48:43,PDT,,General Currency Conversion,Completed,EUR,-32.39,0.00,-32.39,,,085ED0C2DAD02B6D3,D4037B1C03EF4D761,,Debit,
13/09/2026,18:48:43,PDT,,General Currency Conversion,Completed,SEK,345.13,0.00,345.13,,,C48845668088CFFF3,D4037B1C03EF4D761,,Credit,
13/09/2026,18:48:43,PDT,Merchant V,General Authorization,Completed,SEK,-345.13,0.00,-345.13,,,A3C481B765C0B1A96,B-9CD1BCF2936032F,,Memo,cloud
14/09/2026,04:02:42,PDT,Merchant A,PreApproved Payment Bill User Payment,Completed,EUR,-3.14,0.00,-3.14,,,197FEBCE40B5BB572,B-618D0E047F52466,,Debit,individual
14/09/2026,04:02:42,PDT,,General Card Deposit,Completed,EUR,3.14,0.00,3.14,,,E3C6BD0354AA5EEB7,197FEBCE40B5BB572,,Credit,
22/09/2026,22:59:07,PDT,Merchant W,Express Checkout Payment,Completed,USD,-6.44,0.00,-6.44,,,845F647904A02E9D1,,,Debit,marketplace
22/09/2026,22:59:07,PDT,,General Card Deposit,Completed,EUR,5.77,0.00,5.77,,,41B99CFC5AD966DE0,845F647904A02E9D1,,Credit,
22/09/2026,22:59:07,PDT,,General Currency Conversion,Completed,EUR,-5.77,0.00,-5.77,,,B7A88FE560C2696DF,845F647904A02E9D1,,Debit,
22/09/2026,22:59:07,PDT,,General Currency Conversion,Completed,USD,6.44,0.00,6.44,,,28B99884D291B40A5,845F647904A02E9D1,,Credit,
25/09/2026,09:28:11,PDT,Merchant X,PreApproved Payment Bill User Payment,Completed,EUR,-139.84,0.00,-139.84,,,E99CD0DEB918CE546,B-7351BE088F5DAB1,,Debit,travel provider
25/09/2026,09:28:11,PDT,,General Card Deposit,Completed,EUR,139.84,0.00,139.84,,,8940ABD61A97660C4,E99CD0DEB918CE546,,Credit,
30/09/2026,06:50:11,PDT,Merchant C,PreApproved Payment Bill User Payment,Completed,USD,-17.98,0.00,-17.98,,,B9836787481F50CBC,B-1126F5FEB52655C,,Debit,cloud
30/09/2026,06:50:11,PDT,,General Card Deposit,Completed,EUR,16.34,0.00,16.34,,,BA75E11354E9C396D,B9836787481F50CBC,,Credit,
30/09/2026,06:50:11,PDT,,General Currency Conversion,Completed,EUR,-16.34,0.00,-16.34,,,7015A5FB79CB0317E,B9836787481F50CBC,,Debit,
30/09/2026,06:50:11,PDT,,General Currency Conversion,Completed,USD,17.98,0.00,17.98,,,2F42910FAE8BD8E8A,B9836787481F50CBC,,Credit,
30/09/2026,20:56:39,PDT,Merchant V,General Authorization,Pending,SEK,-3040.87,0.00,-3040.87,,,EC685D76B1CCB773D,B-9CD1BCF2936032F,,Memo,cloud
30/09/2026,21:01:47,PDT,Merchant V,PreApproved Payment Bill User Payment,Completed,SEK,-3040.87,0.00,-3040.87,,,23101418B9867322A,EC685D76B1CCB773D,,Debit,cloud
30/09/2026,21:01:47,PDT,,General Card Deposit,Completed,EUR,281.60,0.00,281.60,,,0E5BE8BA765ED14DC,23101418B9867322A,,Credit,
30/09/2026,21:01:47,PDT,,General Currency Conversion,Completed,EUR,-281.60,0.00,-281.60,,,7052D101999F19B4E,23101418B9867322A,,Debit,
30/09/2026,21:01:47,PDT,,General Currency Conversion,Completed,SEK,3040.87,0.00,3040.87,,,56CA362913B208A06,23101418B9867322A,,Credit,
30/09/2026,21:01:47,PDT,Merchant V,General Authorization,Completed,SEK,-3040.87,0.00,-3040.87,,,EC685D76B1CCB773D,B-9CD1BCF2936032F,,Memo,cloud
04/10/2026,12:02:39,PDT,Merchant E,PreApproved Payment Bill User Payment,Completed,EUR,-8.49,0.00,-8.49,,,0A186D6B2E2E487B4,B-41C4924B2619413,,Debit,media
04/10/2026,12:02:39,PDT,,General Card Deposit,Completed,EUR,8.49,0.00,8.49,,,4599AF903DF102F85,0A186D6B2E2E487B4,,Credit,
06/10/2026,04:23:20,PDT,Merchant C,PreApproved Payment Bill User Payment,Completed,USD,-164.78,0.00,-164.78,,,555E884D4C21FDB0F,B-1126F5FEB52655C,,Debit,cloud
06/10/2026,04:23:20,PDT,,General Card Deposit,Completed,EUR,150.20,0.00,150.20,,,A92A5B38C322C6DE6,555E884D4C21FDB0F,,Credit,
06/10/2026,04:23:20,PDT,,General Currency Conversion,Completed,EUR,-150.20,0.00,-150.20,,,A71049C0576427F5B,555E884D4C21FDB0F,,Debit,
06/10/2026,04:23:20,PDT,,General Currency Conversion,Completed,USD,164.78,0.00,164.78,,,7C25407AC72020E8D,555E884D4C21FDB0F,,Credit,
06/10/2026,17:13:11,PDT,Merchant F,PreApproved Payment Bill User Payment,Completed,EUR,-7.99,0.00,-7.99,,,248DCEFDC00867418,B-2D06D099065D875,,Debit,cloud
06/10/2026,17:13:11,PDT,,General Card Deposit,Completed,EUR,7.99,0.00,7.99,,,7BEAE885070F10625,248DCEFDC00867418,,Credit,
09/10/2026,02:23:57,PDT,Merchant Y,PreApproved Payment Bill User Payment,Completed,EUR,-75.00,0.00,-75.00,,,9ECC3D9987EAAD0BF,B-7034818898579BC,,Debit,cloud
09/10/2026,02:23:57,PDT,,General Card Deposit,Completed,EUR,75.00,0.00,75.00,,,B7F7E36CE27270EDF,9ECC3D9987EAAD0BF,,Credit,
11/10/2026,12:07:50,PDT,Merchant H,PreApproved Payment Bill User Payment,Completed,EUR,-18.49,0.00,-18.49,,,F3ADDBEA34706A2F7,B-B4DD4A7C4E8DBA6,,Debit,media
11/10/2026,12:07:50,PDT,,General Card Deposit,Completed,EUR,18.49,0.00,18.49,,,0AF4FBD1DB4260920,F3ADDBEA34706A2F7,,Credit,
